id,name,has_pom
MDEwOlJlcG9zaXRvcnkxOTE=,mojombo/yaws,false
MDEwOlJlcG9zaXRvcnk2MjU=,lypanov/wordcram,false
MDEwOlJlcG9zaXRvcnkxOTA0,dustin/java-memcached-client,true
MDEwOlJlcG9zaXRvcnkxNDgy,travis/cosmo,true
MDEwOlJlcG9zaXRvcnkxOTc3,dustin/photo,false
MDEwOlJlcG9zaXRvcnkyMDA5,Imbrondir/majocontrol,false
MDEwOlJlcG9zaXRvcnkxNjE1,maborg/weshowthemoney-com,false
MDEwOlJlcG9zaXRvcnkyMDE5,jruby/warbler,false
MDEwOlJlcG9zaXRvcnkyMTAz,code-later/nostromo,false
MDEwOlJlcG9zaXRvcnkyMTQ3,easytiger/jquoteticker,false
MDEwOlJlcG9zaXRvcnkyNDc4,booleanman/rackinterfacefilter,false
MDEwOlJlcG9zaXRvcnkyNDkw,simonpk/j2me-oauth,false
MDEwOlJlcG9zaXRvcnkyNTMx,simonpk/fireeagle-updater-midlet,false
MDEwOlJlcG9zaXRvcnkyOTk1,galaxycats/nostromo,false
MDEwOlJlcG9zaXRvcnkyNzU4,disnet/webvo,false
MDEwOlJlcG9zaXRvcnkzOTk4,ludwig/examples,false
MDEwOlJlcG9zaXRvcnk0MDU1,mudge/collapsing-puzzle,false
MDEwOlJlcG9zaXRvcnk0NTAy,astubbs/wicket-contrib-groovy,true
MDEwOlJlcG9zaXRvcnk0NTA2,tristan/django-servlet,true
MDEwOlJlcG9zaXRvcnk0ODU3,britt/hivedb,true
MDEwOlJlcG9zaXRvcnk0ODY1,KirinDave/powerset_thrift,false
MDEwOlJlcG9zaXRvcnk0ODY3,britt/hivedb-blobject,true
MDEwOlJlcG9zaXRvcnk1MjY2,jruby/activerecord-jdbc-adapter,true
MDEwOlJlcG9zaXRvcnk0OTc2,myabc/nbgit,false
MDEwOlJlcG9zaXRvcnk1NjE0,wmorgan/thrift,false
MDEwOlJlcG9zaXRvcnk1NzA4,timshadel/logging-datastore,false
MDEwOlJlcG9zaXRvcnk1ODQ4,dreiss/old-thrift,false
MDEwOlJlcG9zaXRvcnk2Mzk2,lukehoersten/nonblocking,false
MDEwOlJlcG9zaXRvcnk3MTIw,fbrunel/twitterdroid,false
MDEwOlJlcG9zaXRvcnk3MTY5,timshadel/jboss-rules-presentation-may-2007,true
MDEwOlJlcG9zaXRvcnk3Mjc1,dustin/java-digg,false
MDEwOlJlcG9zaXRvcnk3Mjc3,andreyvit/yoursway-sadr,false
MDEwOlJlcG9zaXRvcnk3Mjgw,dustin/diggwatch,false
MDEwOlJlcG9zaXRvcnk3Mjgz,dustin/spyjar,false
MDEwOlJlcG9zaXRvcnk3OTE1,cyberfox/jbidwatcher,false
MDEwOlJlcG9zaXRvcnk3OTQw,wycats/laszlo_post_api,false
MDEwOlJlcG9zaXRvcnk4MDE2,Fudge/gitidea,false
MDEwOlJlcG9zaXRvcnk5MDky,myabc/nbmerb,false
MDEwOlJlcG9zaXRvcnk4MTIx,parabuzzle/toobs,false
MDEwOlJlcG9zaXRvcnk5MTEx,conanite/rainbow,false
MDEwOlJlcG9zaXRvcnk5Mzcw,jashkenas/ruby-processing,true
MDEwOlJlcG9zaXRvcnk4NzU0,DAddYE/lipsiadmin,false
MDEwOlJlcG9zaXRvcnk5Mzky,keibro/twikkir,true
MDEwOlJlcG9zaXRvcnk4OTg3,nofxx/xxpub,false
MDEwOlJlcG9zaXRvcnk5NTgw,mreid/siroc,false
MDEwOlJlcG9zaXRvcnk5ODAx,roes/familytree,false
MDEwOlJlcG9zaXRvcnk5OTk4,kuro/gas,false
MDEwOlJlcG9zaXRvcnkxMDE4NQ==,mreid/geovex,false
MDEwOlJlcG9zaXRvcnkxMDQ3Nw==,gingerhendrix/monkeytest,false
MDEwOlJlcG9zaXRvcnkxMTQ5Ng==,xman/reversi,false
MDEwOlJlcG9zaXRvcnkxMTA5OQ==,we4tech/semantic-repository,false
MDEwOlJlcG9zaXRvcnkxMTMyMA==,simojenki/rspecjava,false
MDEwOlJlcG9zaXRvcnkxMTU0Ng==,klauern/callingruby,false
MDEwOlJlcG9zaXRvcnkxMTY0Nw==,britt/github-java,true
MDEwOlJlcG9zaXRvcnkxMTY2MA==,cardmagic/do,false
MDEwOlJlcG9zaXRvcnkxMjU2MA==,makkalot/pyalgorithm,false
MDEwOlJlcG9zaXRvcnkxMjYwNA==,hank/life,false
MDEwOlJlcG9zaXRvcnkxMjcyNw==,rictic/gunit,true
MDEwOlJlcG9zaXRvcnkxMzAzOA==,gaubert/java-balivernes,false
MDEwOlJlcG9zaXRvcnkxNDI1Ng==,dpc/dpcgoban,false
MDEwOlJlcG9zaXRvcnkxNDQ4Nw==,spoike/doodle,false
MDEwOlJlcG9zaXRvcnkxMzg5OQ==,mheath/adbcj,true
MDEwOlJlcG9zaXRvcnkxNDU3NQ==,mreid/acrp,false
MDEwOlJlcG9zaXRvcnkxNDAzNA==,mtodd/halcyon-clients,false
MDEwOlJlcG9zaXRvcnkxNDA3Mw==,jrray/gotefarm,false
MDEwOlJlcG9zaXRvcnkxNDU5NQ==,clemency/dots,false
MDEwOlJlcG9zaXRvcnkxNDY0OQ==,gebi/jungerl,false
MDEwOlJlcG9zaXRvcnkxNDY1MQ==,jxdm-dmoreau/logiciel_de_compte,false
MDEwOlJlcG9zaXRvcnkxNDY4MA==,zaach/codetch-ext,false
MDEwOlJlcG9zaXRvcnkxNTIyMw==,eml/java-mogilefs,false
MDEwOlJlcG9zaXRvcnkxNTI5Mw==,bcrypt-ruby/bcrypt-ruby,false
MDEwOlJlcG9zaXRvcnkxNTYyMw==,EricDuminil/picolena,false
MDEwOlJlcG9zaXRvcnkxNTYyNg==,caillette/novelang,true
MDEwOlJlcG9zaXRvcnkxNTk3Ng==,davidyang/yappr,false
MDEwOlJlcG9zaXRvcnkxNTc5Ng==,jrudolph/scolorz,false
MDEwOlJlcG9zaXRvcnkxNjAxOA==,jkriss/monomic,false
MDEwOlJlcG9zaXRvcnkxNjA3OQ==,mojodna/searchable,true
MDEwOlJlcG9zaXRvcnkxNzUyMA==,pgm/ittyflow,false
MDEwOlJlcG9zaXRvcnkxNzYzOA==,hamish/easystart,false
MDEwOlJlcG9zaXRvcnkxNzc1OQ==,alx/reprap-host-software,false
MDEwOlJlcG9zaXRvcnkxOTAyOQ==,vicaya/hypertable,false
MDEwOlJlcG9zaXRvcnkxOTM2NQ==,elight/jrsplenda,false
MDEwOlJlcG9zaXRvcnkxOTQ0OA==,engineyard/mongrel,false
MDEwOlJlcG9zaXRvcnkxOTQ3MQ==,bert/pcb-plugins,false
MDEwOlJlcG9zaXRvcnkxOTU4MA==,slangevi/bruse,false
MDEwOlJlcG9zaXRvcnkxOTYyOA==,makkalot/func,false
MDEwOlJlcG9zaXRvcnkxOTgxNg==,raykrueger/hibernate-memcached,true
MDEwOlJlcG9zaXRvcnkxOTg2MQ==,dustin/web-thermometer,false
MDEwOlJlcG9zaXRvcnkxOTg3NQ==,pdorrell/tenblocks,false
MDEwOlJlcG9zaXRvcnkyMDAzNg==,kadamski/func,false
MDEwOlJlcG9zaXRvcnkyMTA4MA==,jathayde/rsm,false
MDEwOlJlcG9zaXRvcnkyMTA5OQ==,davidB/scala-maven-plugin,true
MDEwOlJlcG9zaXRvcnkyMTMzMw==,tkmr/ffm,false
MDEwOlJlcG9zaXRvcnkyMTM0MQ==,wwwjscom/ir--top-k-graphs,false
MDEwOlJlcG9zaXRvcnkyMTQxNw==,acangiano/ruby-benchmark-suite,false
MDEwOlJlcG9zaXRvcnkyMDc2NQ==,jrudolph/jcosmos,false
MDEwOlJlcG9zaXRvcnkyMTQ1MA==,nuance/java-nlp-utils,false
MDEwOlJlcG9zaXRvcnkyMTA2Ng==,superchris/rubyjs,false
MDEwOlJlcG9zaXRvcnkyMTc0Nw==,superpea/xbmc-fork,false
MDEwOlJlcG9zaXRvcnkyMTQ3MQ==,pdxrod/clearcut,false
MDEwOlJlcG9zaXRvcnkyMTc2Ng==,mernen/json-jruby,false
MDEwOlJlcG9zaXRvcnkyMTYxMQ==,mvdetsen/mvdetsen,false
MDEwOlJlcG9zaXRvcnkyMTk0MA==,imedo/thc2,false
MDEwOlJlcG9zaXRvcnkyMTYyNg==,roddotnet/clearcut,false
MDEwOlJlcG9zaXRvcnkyMjkyNw==,slagyr/limelight,false
MDEwOlJlcG9zaXRvcnkyMzA1MA==,agentcoops/gridsweeper,false
MDEwOlJlcG9zaXRvcnkyMzM5Mw==,n0ha/yui-compressor-ant-task,true
MDEwOlJlcG9zaXRvcnkyMzIzMQ==,henrosoft/nehsics,false
MDEwOlJlcG9zaXRvcnkyMzQwNA==,garbagecat/eventmachine,false
MDEwOlJlcG9zaXRvcnkyMzI3MQ==,davie/old-git4idea,false
MDEwOlJlcG9zaXRvcnkyMzUyNA==,mfoemmel/erlang-otp,false
MDEwOlJlcG9zaXRvcnkyMzc2OQ==,korsakov/ohcount,false
MDEwOlJlcG9zaXRvcnkyNDAwMQ==,unageanu/javaclass,false
MDEwOlJlcG9zaXRvcnkyNDMxNQ==,semdinsp/stomp_message,false
MDEwOlJlcG9zaXRvcnkyNDU1Mg==,identityxx/penrose-studio,false
MDEwOlJlcG9zaXRvcnkyNDYxNg==,cv/cruise-information-radiators,false
MDEwOlJlcG9zaXRvcnkyNDc2OA==,identityxx/penrose-server,true
MDEwOlJlcG9zaXRvcnkyNDkwMA==,semdinsp/smsc_manager,false
MDEwOlJlcG9zaXRvcnkyNDkwMQ==,semdinsp/mmsc_manager,false
MDEwOlJlcG9zaXRvcnkyNTE1MQ==,bmo/jupload,false
MDEwOlJlcG9zaXRvcnkyNDkwMg==,semdinsp/billing-web-services,false
MDEwOlJlcG9zaXRvcnkyNTE3Mw==,semdinsp/workflow,false
MDEwOlJlcG9zaXRvcnkyNTE5Mw==,godfat/cubeat,false
MDEwOlJlcG9zaXRvcnkyNTMzOA==,magnusjonsson/tidder-icfpc-2008,false
MDEwOlJlcG9zaXRvcnkyNTQxMg==,wireframe/shard,false
MDEwOlJlcG9zaXRvcnkyNTQzNA==,mircea/tigus,false
MDEwOlJlcG9zaXRvcnkyNTUxOQ==,monojohnny/jdbc-tester,false
MDEwOlJlcG9zaXRvcnkyNTUyOA==,takai/jruby-dsl-example,true
MDEwOlJlcG9zaXRvcnkyOTA4MQ==,lritter/gnutch,false
MDEwOlJlcG9zaXRvcnkyOTQwOA==,rikrd/geomerative,false
MDEwOlJlcG9zaXRvcnkyOTYwMA==,aemoncannon/flyparse-mode,false
MDEwOlJlcG9zaXRvcnkzMDIzNw==,eliasbaixas/bamboo,false
MDEwOlJlcG9zaXRvcnkzMDM2Mg==,hegjon/enterprisebooking-client,false
MDEwOlJlcG9zaXRvcnkzMDY5OQ==,alikins/func-alikins-devel,false
MDEwOlJlcG9zaXRvcnkzMDc4OQ==,penguincoder/acmcompetition2003,false
MDEwOlJlcG9zaXRvcnkzMDc5OA==,fmeyer/des-cript,false
MDEwOlJlcG9zaXRvcnkzMDgwMg==,fmeyer/cripto-classloader,false
MDEwOlJlcG9zaXRvcnkzMDgwNg==,penguincoder/convexhull,false
MDEwOlJlcG9zaXRvcnkzMDgxMg==,penguincoder/dfamin,false
MDEwOlJlcG9zaXRvcnkzMDgxNA==,penguincoder/jgraph,false
MDEwOlJlcG9zaXRvcnkzMDgyMQ==,penguincoder/jlinkedlist,false
MDEwOlJlcG9zaXRvcnkzMDgyMg==,penguincoder/massivelyusefulcluster,false
MDEwOlJlcG9zaXRvcnkzMDgyNQ==,penguincoder/matrixoperations,false
MDEwOlJlcG9zaXRvcnkzMDgyNg==,penguincoder/moviegraph,false
MDEwOlJlcG9zaXRvcnkzMTM5MA==,0x6e6562/as3-amqp,false
MDEwOlJlcG9zaXRvcnkzMDgzMA==,penguincoder/pokedex,false
MDEwOlJlcG9zaXRvcnkzMTYzNQ==,jankur/july08-hackathon,false
MDEwOlJlcG9zaXRvcnkzMDgzMQ==,penguincoder/portu,false
MDEwOlJlcG9zaXRvcnkzMDgzMw==,penguincoder/sortroutines,false
MDEwOlJlcG9zaXRvcnkzMDgzNw==,penguincoder/weblech,false
MDEwOlJlcG9zaXRvcnkzMjAxMg==,reinh/dotvim-old,false
MDEwOlJlcG9zaXRvcnkzMTAwOA==,wireframe/testdox-maven-plugin,true
MDEwOlJlcG9zaXRvcnkzMjQ3Mw==,relevance/java-tdd,false
MDEwOlJlcG9zaXRvcnkzMTA2NQ==,sblanton/meister-propgen,false
MDEwOlJlcG9zaXRvcnkzMTEwNw==,adimit/werti,true
MDEwOlJlcG9zaXRvcnkzMzI3Ng==,tkaufman/10springthings,false
MDEwOlJlcG9zaXRvcnkzMzQxOA==,avh4/netbeans-junit-example,false
MDEwOlJlcG9zaXRvcnkzMjU3OA==,myabc/appfuse,true
MDEwOlJlcG9zaXRvcnkzMzQ2OA==,d0k/ednaunpack,false
MDEwOlJlcG9zaXRvcnkzMjY5Ng==,cromano/loadgenerator,false
MDEwOlJlcG9zaXRvcnkzMzU0Ng==,Judeqiu/boneclient,false
MDEwOlJlcG9zaXRvcnkzMjc0MA==,d0k/xxo,false
MDEwOlJlcG9zaXRvcnkzMjg1MQ==,wireframe/jruby-redcloth,true
MDEwOlJlcG9zaXRvcnkzMjg1NA==,wireframe/webstart-maven-plugin,true
MDEwOlJlcG9zaXRvcnkzMzY4OQ==,pgm/rd4j,false
MDEwOlJlcG9zaXRvcnkzMzk0NQ==,sparklemotion/nokogiri,false
MDEwOlJlcG9zaXRvcnkzNDA5Ng==,leachim6/hello-world,false
MDEwOlJlcG9zaXRvcnkzNDEwMw==,agibralter/sphinx,false
MDEwOlJlcG9zaXRvcnkzNTIxNA==,gmallard/packed-decimal,false
MDEwOlJlcG9zaXRvcnkzNTI1NQ==,atduskgreg/couchdb,false
MDEwOlJlcG9zaXRvcnkzNTUyMg==,relevance/jvm-shootout,false
MDEwOlJlcG9zaXRvcnkzNTU5MQ==,markfenton/albatross,false
MDEwOlJlcG9zaXRvcnkzNTYyMQ==,kylecordes/rsta,false
MDEwOlJlcG9zaXRvcnkzNTg3OQ==,melo/sapo-broker,false
MDEwOlJlcG9zaXRvcnkzNjIyOQ==,capbunbogdan/tigus,false
MDEwOlJlcG9zaXRvcnkzNjM5NA==,benadida/helios,false
MDEwOlJlcG9zaXRvcnkzNjQxMA==,zlite/ardupilot,false
MDEwOlJlcG9zaXRvcnkzNjQ3MA==,alexandrandronescu/tigus,false
MDEwOlJlcG9zaXRvcnkzNjYzNQ==,robennals/think-link,false
MDEwOlJlcG9zaXRvcnkzNjY0MA==,pmckinstry/gant-sample,false
MDEwOlJlcG9zaXRvcnkzNjc0MA==,bwhite/white-knight,false
MDEwOlJlcG9zaXRvcnkzNjkwNQ==,northern-bites/tool,false
MDEwOlJlcG9zaXRvcnkzNzI5Nw==,boo/boo-lang,false
MDEwOlJlcG9zaXRvcnkzNzM5OQ==,rictic/code_swarm,false
MDEwOlJlcG9zaXRvcnkzNzczMQ==,mrdon/maven-itblast-plugin,true
MDEwOlJlcG9zaXRvcnkzNzc5Nw==,anarcher/scala-ant-base,false
MDEwOlJlcG9zaXRvcnkzNzkxNg==,tmm1/rmongo,false
MDEwOlJlcG9zaXRvcnkzNzkzMw==,jdfrens/ciat,false
MDEwOlJlcG9zaXRvcnkzODExMQ==,mongrel/mongrel,false
MDEwOlJlcG9zaXRvcnkzODEzOA==,toddlipcon/cassandra,false
MDEwOlJlcG9zaXRvcnkzODM1OA==,thoughtworks/cruisecontrol.rb,false
MDEwOlJlcG9zaXRvcnkzODgyNg==,pledbrook/grails-gwt,false
MDEwOlJlcG9zaXRvcnkzODQyNA==,berlinbrown/openbotlist,false
MDEwOlJlcG9zaXRvcnkzODgyOA==,anarcher/sview,false
MDEwOlJlcG9zaXRvcnkzODYyOQ==,OKullmann/oklibrary,false
MDEwOlJlcG9zaXRvcnkzOTAxNA==,grou-ps/grou.ps,false
MDEwOlJlcG9zaXRvcnkzOTc4MQ==,gdey/ucsd-ext-java----class,false
MDEwOlJlcG9zaXRvcnkzOTI5OQ==,tucson-jug/git-together-examples,false
MDEwOlJlcG9zaXRvcnkzOTg4NA==,projectileboy/intelli-arc,false
MDEwOlJlcG9zaXRvcnkzOTMwOA==,elitau/mett_media_producer,false
MDEwOlJlcG9zaXRvcnk0MDAxMg==,timander/fitnesse-intro,false
MDEwOlJlcG9zaXRvcnkzOTUwOQ==,bo198214/4dbb,false
MDEwOlJlcG9zaXRvcnk0MDEyNA==,nmerouze/qtjruby-core,false
MDEwOlJlcG9zaXRvcnkzOTU2Mw==,talios/timetrackr,true
MDEwOlJlcG9zaXRvcnkzOTYzNA==,sintaxi/phonegap,false
MDEwOlJlcG9zaXRvcnk0MDI0Mg==,nickmerwin/merconf_red5,false
MDEwOlJlcG9zaXRvcnk0MDM4NA==,olamy/scm-git-test,true
MDEwOlJlcG9zaXRvcnk0MDQ0NA==,davie/hamcrest-collections-changes,false
MDEwOlJlcG9zaXRvcnk0MDc3Ng==,brianm/mxfingerd,true
MDEwOlJlcG9zaXRvcnk0MDg0OQ==,garymcwilliams/gary-shell,false
MDEwOlJlcG9zaXRvcnk0MDg2Mw==,aprilchild/aprilchild,false
MDEwOlJlcG9zaXRvcnk0MDkzOQ==,projectileboy/translator,false
MDEwOlJlcG9zaXRvcnk0MTAyNg==,vberetti/maven-cli-plugin,true
MDEwOlJlcG9zaXRvcnk0MTI0Mw==,wolfdancer/cotta,true
MDEwOlJlcG9zaXRvcnk0MTI4NQ==,mrdon/crowd-asf-directory,true
MDEwOlJlcG9zaXRvcnk0MTM2NA==,ghili/sandbox,false
MDEwOlJlcG9zaXRvcnk0MTU2OA==,fride/infoobject-plugin,true
MDEwOlJlcG9zaXRvcnk0MTU5NA==,ericl/asteroids,false
MDEwOlJlcG9zaXRvcnk0MTc2Ng==,jmesnil/jmx-js,false
MDEwOlJlcG9zaXRvcnk0MTg4Mg==,mejibyte/live-archive,false
MDEwOlJlcG9zaXRvcnk0MjYwMw==,Kazade/kazmath,false
MDEwOlJlcG9zaXRvcnk0MjYxMw==,dprevost/photon,false
MDEwOlJlcG9zaXRvcnk0Mjc3Mg==,dprevost/errorparser,false
MDEwOlJlcG9zaXRvcnk0Mjc4Nw==,99translastions/ant-tools,false
MDEwOlJlcG9zaXRvcnk0Mjg2NQ==,jrudolph/bytecode,false
MDEwOlJlcG9zaXRvcnk0MzIxMw==,adrianacd/tigus,false
MDEwOlJlcG9zaXRvcnk0MzMzNg==,tkaufman/adoptingaop,false
MDEwOlJlcG9zaXRvcnk0MzM3MQ==,eventmachine/eventmachine,false
MDEwOlJlcG9zaXRvcnk0Mzg3MA==,andreyvit/yoursway-commons,false
MDEwOlJlcG9zaXRvcnk0MzM3OQ==,mw44118/scabble,false
MDEwOlJlcG9zaXRvcnk0Mzg3Ng==,andreyvit/yoursway-software-update,false
MDEwOlJlcG9zaXRvcnk0MzQ0MQ==,housejester/jsondumper,true
MDEwOlJlcG9zaXRvcnk0MzkzMA==,astubbs/testdox,true
MDEwOlJlcG9zaXRvcnk0MzQ2Mw==,vroy/controller,false
MDEwOlJlcG9zaXRvcnk0NDMwNQ==,dcrec1/vraptor2_sexy_urls,true
MDEwOlJlcG9zaXRvcnk0MzQ4MQ==,chanwit/gjit,false
MDEwOlJlcG9zaXRvcnk0NDM1MA==,agl/curve25519-donna,false
MDEwOlJlcG9zaXRvcnk0MzU3Mw==,upei/calendar-app,false
MDEwOlJlcG9zaXRvcnk0MzczNA==,berlinbrown/physicsforprogrammers,false
MDEwOlJlcG9zaXRvcnk0NDM2Mw==,bobmcwhirter/microcontainer,true
MDEwOlJlcG9zaXRvcnk0NDUxOQ==,olabini/ribs,false
MDEwOlJlcG9zaXRvcnk0NDY3MA==,bobmcwhirter/vfs,true
MDEwOlJlcG9zaXRvcnk0NDc0Nw==,clarkware/junitperf,false
MDEwOlJlcG9zaXRvcnk0NTMxNQ==,tenderlove/dom-test-suite,false
MDEwOlJlcG9zaXRvcnk0NDc0OQ==,clarkware/jdepend,false
MDEwOlJlcG9zaXRvcnk0NTU3Ng==,zootella/hello-limewire,false
MDEwOlJlcG9zaXRvcnk0NTYzOA==,domix/avatarplugin,false
MDEwOlJlcG9zaXRvcnk0NTgwNw==,limewirewiki/hello-world,false
MDEwOlJlcG9zaXRvcnk0NTgwOQ==,pledbrook/graina,false
MDEwOlJlcG9zaXRvcnk0NTkxNA==,dcrec1/haml4j,false
MDEwOlJlcG9zaXRvcnk0NTk1Nw==,marcello3d/alt,false
MDEwOlJlcG9zaXRvcnk0NjAxMA==,pgm/junit-dist,false
MDEwOlJlcG9zaXRvcnk0NjIyNQ==,bbeck/sudoku,false
MDEwOlJlcG9zaXRvcnk0NjI2OQ==,dcrec1/haml4j_demo_app,false
MDEwOlJlcG9zaXRvcnk0ODI4NQ==,jasonrudolph/racetrack,false
MDEwOlJlcG9zaXRvcnk0ODM3MQ==,ljsking/algorithm,false
MDEwOlJlcG9zaXRvcnk0ODM4Ng==,jimpick/tiddlywiki-clientside-storage,false
MDEwOlJlcG9zaXRvcnk0ODYyOQ==,glenasmith/groovyawards,false
MDEwOlJlcG9zaXRvcnk0ODQ5Ng==,gensen/jhoptoad,true
MDEwOlJlcG9zaXRvcnk0ODY0MQ==,mdippery/snodes,false
MDEwOlJlcG9zaXRvcnk0ODUxNQ==,bobmcwhirter/jboss-naming,true
MDEwOlJlcG9zaXRvcnk0ODkzNg==,mojodna/sprout,false
MDEwOlJlcG9zaXRvcnk0OTAyNQ==,emarschner/sketches,false
MDEwOlJlcG9zaXRvcnk0NzgxMg==,janfrode/j2me-otp,false
MDEwOlJlcG9zaXRvcnk0NzkyOQ==,bobmcwhirter/drools,true
MDEwOlJlcG9zaXRvcnk0ODAwMg==,kef/boost,false
MDEwOlJlcG9zaXRvcnk0ODAxMg==,kboufelliga/composer-framework,true
MDEwOlJlcG9zaXRvcnk0OTg5OA==,blaxter/simplegwtmvn,true
MDEwOlJlcG9zaXRvcnk0OTk4Mw==,codeodor/miscellany,false
MDEwOlJlcG9zaXRvcnk1MDI4MA==,lritter/dm-solr-adapter,false
MDEwOlJlcG9zaXRvcnk0OTU1OA==,davetron5000/vimdoclet,false
MDEwOlJlcG9zaXRvcnk0OTcxMA==,miguelhorlle/marque,false
MDEwOlJlcG9zaXRvcnk0OTcxNw==,bobmcwhirter/jboss-rails,true
MDEwOlJlcG9zaXRvcnk1MDMxOQ==,banshee/radoop,false
MDEwOlJlcG9zaXRvcnk0OTg3MQ==,ugosan/org.roxgt,false
MDEwOlJlcG9zaXRvcnk1MDcyNQ==,andreyvit/yoursway-taskus,false
MDEwOlJlcG9zaXRvcnk1MDcyOA==,andreyvit/yoursway-sunrise,false
MDEwOlJlcG9zaXRvcnk1MDcyOQ==,andreyvit/yoursway-swt,false
MDEwOlJlcG9zaXRvcnk1MDgxOA==,brandleadership/artoz_pim,false
MDEwOlJlcG9zaXRvcnk1MTM1OQ==,samtingleff/dgrid,false
MDEwOlJlcG9zaXRvcnk1MDg4Mg==,babo/yaws,false
MDEwOlJlcG9zaXRvcnk1MTQ4Ng==,aschearer/shade,false
MDEwOlJlcG9zaXRvcnk1MTA2Mg==,mojodna/httpclient-oauth,true
MDEwOlJlcG9zaXRvcnk1MTY4Mg==,kousen/grails_plugin_survey,false
MDEwOlJlcG9zaXRvcnk1MTExMQ==,bmc/javautil,false
MDEwOlJlcG9zaXRvcnk1MTY5Ng==,arturaz/concurrent-programming-labaratory-works,false
MDEwOlJlcG9zaXRvcnk1MTIwNg==,geelen/primefinder,false
MDEwOlJlcG9zaXRvcnk1MjIxNQ==,hoffrocket/jcoder,true
MDEwOlJlcG9zaXRvcnk1MjM1OA==,janfrode/java-cputime,false
MDEwOlJlcG9zaXRvcnk1MjQ1Ng==,cradle/sirtet,false
MDEwOlJlcG9zaXRvcnk1MTg1OA==,joevandyk/merb-threading-test,false
MDEwOlJlcG9zaXRvcnk1MTg4NQ==,joevandyk/merb-gems,false
MDEwOlJlcG9zaXRvcnk1MTk0Mw==,andreyvit/yoursway-ide,false
MDEwOlJlcG9zaXRvcnk1MjAxNA==,dcrec1/liquid4j,false
MDEwOlJlcG9zaXRvcnk1MjY3MA==,dcrec1/rhyme,false
MDEwOlJlcG9zaXRvcnk1MzE2NA==,miya2000/patterntest,false
MDEwOlJlcG9zaXRvcnk1MzQ4Mw==,michaelklishin/nginx-x-accel-redirect-example-application,false
MDEwOlJlcG9zaXRvcnk1MzUyMg==,zakatk857xx/ap-comp-science,false
MDEwOlJlcG9zaXRvcnk1MzUyNA==,paredesacc/ap-compsci,false
MDEwOlJlcG9zaXRvcnk1MzUyNQ==,EvanHorgan/ap-computer-science,false
MDEwOlJlcG9zaXRvcnk1MzUyOA==,cgosnell90/ap-computer-science,false
MDEwOlJlcG9zaXRvcnk1MzUzMA==,bcapps/ap-computer-science,false
MDEwOlJlcG9zaXRvcnk1MzY3Mw==,ynadji/cs481-programming,false
MDEwOlJlcG9zaXRvcnk1Mzk5NQ==,f3ler/ruby-pruebas,false
MDEwOlJlcG9zaXRvcnk1NDA4NA==,rhomobile/rhodes,false
MDEwOlJlcG9zaXRvcnk1NDM2NQ==,demian0311/silobase,true
MDEwOlJlcG9zaXRvcnk1NDQzNw==,hone/school,false
MDEwOlJlcG9zaXRvcnk1NDQ1OA==,dustin/rsp,false
MDEwOlJlcG9zaXRvcnk1NDU0Mw==,chanwit/tspec,false
MDEwOlJlcG9zaXRvcnk1NDk1MA==,rheaplex/like_that,false
MDEwOlJlcG9zaXRvcnk1NTI4Mw==,rheaplex/paintr,false
MDEwOlJlcG9zaXRvcnk1NTUxMA==,martinrehfeld/htmlunit_testrunner,false
MDEwOlJlcG9zaXRvcnk1NTc2Nw==,stm555/proof-of-concepts,false
MDEwOlJlcG9zaXRvcnk1NTc5Nw==,mhroth/jvsthost,false
MDEwOlJlcG9zaXRvcnk1NTg0Mw==,neerajsharma/neerajs-home,false
MDEwOlJlcG9zaXRvcnk1NjE3OQ==,olabini/antlr-elisp,false
MDEwOlJlcG9zaXRvcnk1NTg2Ng==,alandipert/campfireclient,false
MDEwOlJlcG9zaXRvcnk1NjI2NQ==,bcapps/drumstar,false
MDEwOlJlcG9zaXRvcnk1NTg5Mg==,rcrowley/thrudb,false
MDEwOlJlcG9zaXRvcnk1NjM2NA==,jaroslawr/xpl,false
MDEwOlJlcG9zaXRvcnk1NjE2OQ==,chrislo/sourceclassifier,false
MDEwOlJlcG9zaXRvcnk1NjM2OA==,earl/rhino-mirror,false
MDEwOlJlcG9zaXRvcnk1NzI5OA==,ralfebert/swtxml,false
MDEwOlJlcG9zaXRvcnk1NzQ5NQ==,egonw/gtd,false
MDEwOlJlcG9zaXRvcnk1NzUxNQ==,michaelbrinkmann/apcompsci,false
MDEwOlJlcG9zaXRvcnk1NzUyOQ==,helma/opentox-plugin,false
MDEwOlJlcG9zaXRvcnk1NjY3MA==,burris/dwr,true
MDEwOlJlcG9zaXRvcnk1Njc4Nw==,bakkdoor/v-unit,false
MDEwOlJlcG9zaXRvcnk1NjkwNA==,stephenh/joist-java,false
MDEwOlJlcG9zaXRvcnk1ODE0MA==,cschmidt/middlewhere-demo,true
MDEwOlJlcG9zaXRvcnk1ODMzOA==,openminds/railsxls,false
MDEwOlJlcG9zaXRvcnk1ODMzOQ==,matpalm/resemblance,false
MDEwOlJlcG9zaXRvcnk1ODQ4Mg==,daveangulo/ivolunteer_ori,false
MDEwOlJlcG9zaXRvcnk1ODYwMA==,hans/specimen,false
MDEwOlJlcG9zaXRvcnk1OTcxOQ==,yeeking/algo-improv-orch,false
MDEwOlJlcG9zaXRvcnk1OTcyMw==,tcurdt/jdependency,true
MDEwOlJlcG9zaXRvcnk1OTgxOQ==,tbatchelli/floocite,true
MDEwOlJlcG9zaXRvcnk1OTg5OA==,sergiodj/gdb-sergio,false
MDEwOlJlcG9zaXRvcnk1OTE4MA==,tcurdt/jdeb,true
MDEwOlJlcG9zaXRvcnk2MDI5Mw==,epall/rpiplanner,false
MDEwOlJlcG9zaXRvcnk1OTE4Nw==,cciechad/brlcad,false
MDEwOlJlcG9zaXRvcnk1OTU0Mw==,dan-manges/mixology,false
MDEwOlJlcG9zaXRvcnk1OTY1MQ==,sleberrigaud/sof,false
MDEwOlJlcG9zaXRvcnk2MDUwMw==,eliasbaixas/chat-p2p-sip,false
MDEwOlJlcG9zaXRvcnk2MDU0Mg==,IanEsling/life,false
MDEwOlJlcG9zaXRvcnk2MTAxOA==,copypastel/tracks_mobile,false
MDEwOlJlcG9zaXRvcnk2MTA2Ng==,qiemem/sandpiles,false
MDEwOlJlcG9zaXRvcnk2MTA3MA==,sphereority/sphereority,false
MDEwOlJlcG9zaXRvcnk2MTIyMQ==,ssustrich/orb,false
MDEwOlJlcG9zaXRvcnk2MTY5MQ==,bsharp-zz/sharpjavacharts,false
MDEwOlJlcG9zaXRvcnk2MTc2Nw==,dwalters-zz/webdriver,true
MDEwOlJlcG9zaXRvcnk2MjA0NQ==,zuzu/imona-zuzu,false
MDEwOlJlcG9zaXRvcnk2MjA5MA==,Dahie/imageflow,false
MDEwOlJlcG9zaXRvcnk2MjI5MA==,wycats/merb,false
MDEwOlJlcG9zaXRvcnk2MjQ0Mw==,jjthrash/wordcorr,false
MDEwOlJlcG9zaXRvcnk2MjU0Ng==,kazik1616/two-freestyle,false
MDEwOlJlcG9zaXRvcnk2Mjc0OQ==,vic/jwmscript,false
MDEwOlJlcG9zaXRvcnk2Mjg0NA==,mneedham/code-katas,false
MDEwOlJlcG9zaXRvcnk2MjkxNQ==,nigelsim/nsadapters,true
MDEwOlJlcG9zaXRvcnk2Mzc4Mw==,imatix/openamq-jms,false
MDEwOlJlcG9zaXRvcnk2MzkyMw==,jlewallen/git-teamcity,true
MDEwOlJlcG9zaXRvcnk2NDAwMA==,godlygeek/vim-files,false
MDEwOlJlcG9zaXRvcnk2NTEwMA==,jponge/tinyinjector,true
MDEwOlJlcG9zaXRvcnk2NTEzNQ==,also/postal,true
MDEwOlJlcG9zaXRvcnk2NTgxMw==,vinicius/mag,false
MDEwOlJlcG9zaXRvcnk2NTE2MQ==,tcurdt/drift,true
MDEwOlJlcG9zaXRvcnk2NTgzMg==,aosp-mirror/platform_build,false
MDEwOlJlcG9zaXRvcnk2NTgzMw==,aosp-mirror/platform_dalvik,false
MDEwOlJlcG9zaXRvcnk2NTgzNA==,aosp-mirror/platform_development,false
MDEwOlJlcG9zaXRvcnk2NTgzNg==,aosp-mirror/platform_external_apache-http,false
MDEwOlJlcG9zaXRvcnk2NTgzOA==,aosp-mirror/platform_external_clearsilver,false
MDEwOlJlcG9zaXRvcnk2NTg0NA==,aosp-mirror/platform_external_emma,false
MDEwOlJlcG9zaXRvcnk2NTg0OQ==,aosp-mirror/platform_external_gdata,false
MDEwOlJlcG9zaXRvcnk2NTg1NA==,aosp-mirror/platform_external_jdiff,false
MDEwOlJlcG9zaXRvcnk2NTg2OQ==,aosp-mirror/platform_external_protobuf,false
MDEwOlJlcG9zaXRvcnk2NTg3Mg==,aosp-mirror/platform_external_skia,false
MDEwOlJlcG9zaXRvcnk2NTkxOA==,aosp-mirror/platform_packages_providers_mediaprovider,false
MDEwOlJlcG9zaXRvcnk2NTg3Nw==,aosp-mirror/platform_external_tagsoup,false
MDEwOlJlcG9zaXRvcnk2NTkxOQ==,aosp-mirror/platform_packages_providers_telephonyprovider,false
MDEwOlJlcG9zaXRvcnk2NTg4MQ==,aosp-mirror/platform_external_webkit,false
MDEwOlJlcG9zaXRvcnk2NTkyMw==,aosp-mirror/platform_system_core,false
MDEwOlJlcG9zaXRvcnk2NTg4NQ==,aosp-mirror/platform_frameworks_base,false
MDEwOlJlcG9zaXRvcnk2NTk5NA==,bsharp-zz/sharpjavalibrary,false
MDEwOlJlcG9zaXRvcnk2NTg4Nw==,aosp-mirror/platform_frameworks_policies_base,false
MDEwOlJlcG9zaXRvcnk2NjA0Nw==,quelgar/jcap,false
MDEwOlJlcG9zaXRvcnk2NTg5MQ==,aosp-mirror/platform_packages_apps_alarmclock,false
MDEwOlJlcG9zaXRvcnk2NjEwNg==,cawka/minijavaparser,false
MDEwOlJlcG9zaXRvcnk2NTg5Mg==,aosp-mirror/platform_packages_apps_browser,false
MDEwOlJlcG9zaXRvcnk2NjE3NQ==,burner/eert,false
MDEwOlJlcG9zaXRvcnk2NTg5Mw==,aosp-mirror/platform_packages_apps_calculator,false
MDEwOlJlcG9zaXRvcnk2NjIzMw==,ELLIOTTCABLE/Miscellany,false
MDEwOlJlcG9zaXRvcnk2NTg5NA==,aosp-mirror/platform_packages_apps_calendar,false
MDEwOlJlcG9zaXRvcnk2NjIzNg==,Laurian/powermagpie,true
MDEwOlJlcG9zaXRvcnk2NTg5NQ==,aosp-mirror/platform_packages_apps_camera,false
MDEwOlJlcG9zaXRvcnk2NjI5MQ==,amaunz/libfminer,false
MDEwOlJlcG9zaXRvcnk2NTg5Ng==,aosp-mirror/platform_packages_apps_contacts,false
MDEwOlJlcG9zaXRvcnk2NjgwMg==,blastura/graphsearch,false
MDEwOlJlcG9zaXRvcnk2NTg5Nw==,aosp-mirror/platform_packages_apps_email,false
MDEwOlJlcG9zaXRvcnk2NTg5OA==,aosp-mirror/platform_packages_apps_googlesearch,false
MDEwOlJlcG9zaXRvcnk2Njg2MQ==,waxeye-org/waxeye,false
MDEwOlJlcG9zaXRvcnk2NzA0Ng==,russellallen/self,false
MDEwOlJlcG9zaXRvcnk2NTg5OQ==,aosp-mirror/platform_packages_apps_htmlviewer,false
MDEwOlJlcG9zaXRvcnk2NTkwMA==,aosp-mirror/platform_packages_apps_im,false
MDEwOlJlcG9zaXRvcnk2NTkwMQ==,aosp-mirror/platform_packages_apps_launcher,false
MDEwOlJlcG9zaXRvcnk2NTkwMg==,aosp-mirror/platform_packages_apps_mms,false
MDEwOlJlcG9zaXRvcnk2NTkwMw==,aosp-mirror/platform_packages_apps_music,false
MDEwOlJlcG9zaXRvcnk2NTkwNA==,aosp-mirror/platform_packages_apps_packageinstaller,false
MDEwOlJlcG9zaXRvcnk2NTkwNg==,aosp-mirror/platform_packages_apps_settings,false
MDEwOlJlcG9zaXRvcnk2NTkwNw==,aosp-mirror/platform_packages_apps_soundrecorder,false
MDEwOlJlcG9zaXRvcnk2NTkwOA==,aosp-mirror/platform_packages_apps_stk,false
MDEwOlJlcG9zaXRvcnk2NTkxMQ==,aosp-mirror/platform_packages_apps_voicedialer,false
MDEwOlJlcG9zaXRvcnk2NTkxMg==,aosp-mirror/platform_packages_providers_calendarprovider,false
MDEwOlJlcG9zaXRvcnk2NTkxMw==,aosp-mirror/platform_packages_providers_contactsprovider,false
MDEwOlJlcG9zaXRvcnk2NTkxNA==,aosp-mirror/platform_packages_providers_downloadprovider,false
MDEwOlJlcG9zaXRvcnk2NTkxNQ==,aosp-mirror/platform_packages_providers_drmprovider,false
MDEwOlJlcG9zaXRvcnk2NTkxNw==,aosp-mirror/platform_packages_providers_improvider,false
MDEwOlJlcG9zaXRvcnk2OTQxOQ==,wadey/gnip-java,true
MDEwOlJlcG9zaXRvcnk2OTA0OA==,afairley/junction-box-,false
MDEwOlJlcG9zaXRvcnk2OTEyMg==,jmbrink26/nethelper,false
MDEwOlJlcG9zaXRvcnk2OTEyNQ==,frioux/supersearch,false
MDEwOlJlcG9zaXRvcnk2OTMwNg==,johnhampton/maven-scm,true
MDEwOlJlcG9zaXRvcnk3MDQwNQ==,gustavosoares/orb-object-migration,false
MDEwOlJlcG9zaXRvcnk3MDU2Mg==,raceimaztion/ani-midi,false
MDEwOlJlcG9zaXRvcnk3MDA0NA==,up1/erepair,false
MDEwOlJlcG9zaXRvcnk3MDU4Nw==,donpdonp/whatismyip-android,false
MDEwOlJlcG9zaXRvcnk3MDE2NA==,Ramblurr/libmp3tunes-java,false
MDEwOlJlcG9zaXRvcnk3MDMwNQ==,EddyPronk/fitnesse,false
MDEwOlJlcG9zaXRvcnk3MDg2OA==,jfairbairn/jmxfetch,false
MDEwOlJlcG9zaXRvcnk3MDkzOQ==,harningt/cryptoface,false
MDEwOlJlcG9zaXRvcnk3MDk2OQ==,cawka/click,false
MDEwOlJlcG9zaXRvcnk3MDk5Ng==,MarkOrmos/oop_box,false
MDEwOlJlcG9zaXRvcnk3MTAwMw==,mfelipec/controle-financeiro,false
MDEwOlJlcG9zaXRvcnk3MTA1MA==,dmilith/thesis-core,false
MDEwOlJlcG9zaXRvcnk3MTA1MQ==,dmilith/thesis-machine,false
MDEwOlJlcG9zaXRvcnk3MTg3OA==,izquierdo/postgrado,false
MDEwOlJlcG9zaXRvcnk3MTk4Ng==,tmuki/dotfiles,false
MDEwOlJlcG9zaXRvcnk3MjAwNg==,blastura/apjava-lab1,false
MDEwOlJlcG9zaXRvcnk3MTM2OQ==,jkinner/ringside,false
MDEwOlJlcG9zaXRvcnk3MTQ0MA==,3scale-labs/3scale_ws_api_for_java,true
MDEwOlJlcG9zaXRvcnk3MjA0MA==,lucasmartins/serialkiller,false
MDEwOlJlcG9zaXRvcnk3MjEyMg==,djspiewak/dbpool,false
MDEwOlJlcG9zaXRvcnk3MjE4Nw==,wrook/wrook,false
MDEwOlJlcG9zaXRvcnk3Mjc5Mg==,paulanthonywilson/fit-bookstore,false
MDEwOlJlcG9zaXRvcnk3MjMwNg==,dmilith/thesis-honeycomb,false
MDEwOlJlcG9zaXRvcnk3Mjc5OQ==,davie/rabbitexample,false
MDEwOlJlcG9zaXRvcnk3MjM0OQ==,jkingdon/mayfly,false
MDEwOlJlcG9zaXRvcnk3MjgwNA==,eyesonly/emacs-configuration,false
MDEwOlJlcG9zaXRvcnk3MjgyMQ==,yanbe/qrcode,false
MDEwOlJlcG9zaXRvcnk3MjM1Mw==,rlorca/kanodojo,false
MDEwOlJlcG9zaXRvcnk3Mjg1MA==,stuarthalloway/lancet,false
MDEwOlJlcG9zaXRvcnk3MjU5Ng==,alcides/scalampp,false
MDEwOlJlcG9zaXRvcnk3MjY1OA==,benadida/uclvoting,false
MDEwOlJlcG9zaXRvcnk3Mjg1Nw==,pixel/syntax-across-languages-and-more,false
MDEwOlJlcG9zaXRvcnk3Mjg5Nw==,tulios/dojo-brasilia-sudoku,false
MDEwOlJlcG9zaXRvcnk3MjY3Nw==,brweber2/blang,false
MDEwOlJlcG9zaXRvcnk3Mjk2Mw==,dss/old-emacs,false
MDEwOlJlcG9zaXRvcnk3MzAzNA==,martint/old-swift,true
MDEwOlJlcG9zaXRvcnk3MzA1OA==,devyn/suds,false
MDEwOlJlcG9zaXRvcnk3MzE1NA==,preston/snippets,false
MDEwOlJlcG9zaXRvcnk3MzIzMg==,nirvdrum/maven-jython-plugin,true
MDEwOlJlcG9zaXRvcnk3MzMxOQ==,ittayd/buildr,false
MDEwOlJlcG9zaXRvcnk3NDA1Ng==,ruby/racc,false
MDEwOlJlcG9zaXRvcnk3MzM4Ng==,whacked/dot,false
MDEwOlJlcG9zaXRvcnk3MzcyMQ==,also/djava,true
MDEwOlJlcG9zaXRvcnk3NDIxNw==,born2snipe/flapjack,true
MDEwOlJlcG9zaXRvcnk3MzQ0Ng==,ujihisa/asd2,false
MDEwOlJlcG9zaXRvcnk3NDIyMQ==,dustin/geo,false
MDEwOlJlcG9zaXRvcnk3Mzc0OQ==,wgrose/song-scribbler,false
MDEwOlJlcG9zaXRvcnk3MzgzNA==,davecheney/oakland,true
MDEwOlJlcG9zaXRvcnk3NDIyOA==,mjhugo/bookstore,false
MDEwOlJlcG9zaXRvcnk3Mzg2Mw==,muhqu/jslint-plugin-for-jedit,false
MDEwOlJlcG9zaXRvcnk3NDMwMg==,tycho/genprime,false
MDEwOlJlcG9zaXRvcnk3MzkxOQ==,jiva-technology/jsdoc-toolkit,false
MDEwOlJlcG9zaXRvcnk3NDM2Mw==,egonw/bioclipse.ons,false
MDEwOlJlcG9zaXRvcnk3NDQwOA==,dyang/junit-time,false
MDEwOlJlcG9zaXRvcnk3NDQ1Mg==,canidae/locutus,false
MDEwOlJlcG9zaXRvcnk3NDg0OQ==,phss/playground,false
MDEwOlJlcG9zaXRvcnk3NDQ5MQ==,thynctank/jazzrecord,false
MDEwOlJlcG9zaXRvcnk3NDg3Ng==,wanpark/hadoop-hbase-streaming,false
MDEwOlJlcG9zaXRvcnk3NDUyMA==,dakrone/churn,false
MDEwOlJlcG9zaXRvcnk3NDY5NQ==,jay-zhuang/cooldoger,false
MDEwOlJlcG9zaXRvcnk3NDkxMA==,lucatironi/processingexperiments,false
MDEwOlJlcG9zaXRvcnk3NDk5OA==,mneumann/rubyjs,false
MDEwOlJlcG9zaXRvcnk3NTEyNg==,jlong/radius,false
MDEwOlJlcG9zaXRvcnk3NTIyMA==,gmalicki/newstrex,false
MDEwOlJlcG9zaXRvcnk3NTIzMQ==,dtrott/fuse4j,false
MDEwOlJlcG9zaXRvcnk3NTUwNQ==,nublabs/nub.datalogger,false
MDEwOlJlcG9zaXRvcnk3NTg3OQ==,also/p2presenter-server,true
MDEwOlJlcG9zaXRvcnk3NTkzNA==,orj/teamcity-xcode,false
MDEwOlJlcG9zaXRvcnk3NjQ2MA==,rickyclarkson/bin4s,true
MDEwOlJlcG9zaXRvcnk3NjU1NQ==,ComputerDruid/gwar,false
MDEwOlJlcG9zaXRvcnk3Njc5MA==,mrmaple/open_qon,false
MDEwOlJlcG9zaXRvcnk3NjgyNg==,bradfitz/android-garage-opener,false
MDEwOlJlcG9zaXRvcnk3Njg0NA==,wesmaldonado/test-driven-javascript-example-application,false
MDEwOlJlcG9zaXRvcnk3NzI2OQ==,kingcu/marvin,false
MDEwOlJlcG9zaXRvcnk3NzI5Mg==,also/p2presenter-philosophers,true
MDEwOlJlcG9zaXRvcnk3NzMwNA==,also/p2presenter-interactivity,true
MDEwOlJlcG9zaXRvcnk3NzM1MQ==,s4nchez/coding_dojo,false
MDEwOlJlcG9zaXRvcnk3NzM4Mw==,fvdsn/ingi2141,false
MDEwOlJlcG9zaXRvcnk3NzQxNg==,nwsmith/pawnzilla,false
MDEwOlJlcG9zaXRvcnk3NzY5MQ==,pmf/clojure-jsr223,false
MDEwOlJlcG9zaXRvcnk3NzUzNA==,thatcher/rhino-for-webapps,false
MDEwOlJlcG9zaXRvcnk3NzY5Mg==,jdwyah/tocollege.net,true
MDEwOlJlcG9zaXRvcnk3NzU4Nw==,baywind/reusables,false
MDEwOlJlcG9zaXRvcnk3Nzc2Ng==,kowey/moses,false
MDEwOlJlcG9zaXRvcnk3NzYzMg==,seanh/storymaps,false
MDEwOlJlcG9zaXRvcnk3Nzg2MA==,vara/vconsole,false
MDEwOlJlcG9zaXRvcnk3Nzk1OA==,llimllib/personal_code,false
MDEwOlJlcG9zaXRvcnk3NzY4NQ==,baywind/authentication,false
MDEwOlJlcG9zaXRvcnk3NzY4OQ==,baywind/rujel,false
MDEwOlJlcG9zaXRvcnk3Nzk3NA==,osi/nanjy,true
MDEwOlJlcG9zaXRvcnk3ODA0NA==,Dawnthorn/nagare,false
MDEwOlJlcG9zaXRvcnk3ODEyOA==,gudmundur/atunit,true
MDEwOlJlcG9zaXRvcnk3OTA1Mw==,kaiwren/nul,false
MDEwOlJlcG9zaXRvcnk3OTExNA==,lrei/overbrain,false
MDEwOlJlcG9zaXRvcnk3OTI1Nw==,stephenh/bd,false
MDEwOlJlcG9zaXRvcnk3OTQ2Ng==,masaedw/lawoffice,false
MDEwOlJlcG9zaXRvcnk3OTU4Nw==,fabiokung/clustered-jruby,true
MDEwOlJlcG9zaXRvcnk3OTU5OA==,evan/mongrel,false
MDEwOlJlcG9zaXRvcnk3OTc2Ng==,phoenixtoday/spark-sharing-file-system,false
MDEwOlJlcG9zaXRvcnk3OTgxOQ==,gilleain/renderlabs,false
MDEwOlJlcG9zaXRvcnk4MDMzMg==,jacek99/javabuilders,false
MDEwOlJlcG9zaXRvcnk4MDUwOQ==,davidmarek/diff,false
MDEwOlJlcG9zaXRvcnk3OTg2MQ==,born2snipe/street,false
MDEwOlJlcG9zaXRvcnk4MDE0OA==,bazhenov/envy,true
MDEwOlJlcG9zaXRvcnk4MDIwOQ==,nighthawk/ssi-trader,false
MDEwOlJlcG9zaXRvcnk4MTI3MA==,larssg/group-shelf,false
MDEwOlJlcG9zaXRvcnk4MTI5Mw==,gene9/andrey-dotfiles,false
MDEwOlJlcG9zaXRvcnk4MTI5NA==,pcarrier/edu-ihmprojet2,false
MDEwOlJlcG9zaXRvcnk4MTMwMA==,angelswing/kntoos,false
MDEwOlJlcG9zaXRvcnk4MTY3NA==,essiene/fastiga,false
MDEwOlJlcG9zaXRvcnk4MTgzNw==,ku1ik/off-plugin,false
MDEwOlJlcG9zaXRvcnk4MDc4Nw==,davetron5000/fauxml,false
MDEwOlJlcG9zaXRvcnk4MDgxMg==,davetron5000/fwf,false
MDEwOlJlcG9zaXRvcnk4MTE2MA==,adamjmurray/ajm_objects,false
MDEwOlJlcG9zaXRvcnk4MjA3Ng==,saimonmoore/merb-sample-app-on-passenger,false
MDEwOlJlcG9zaXRvcnk4MjQwMA==,sanity/kanzi,false
MDEwOlJlcG9zaXRvcnk4MjY1Mg==,tulios/dojo-brasilia-numerotoliteral,false
MDEwOlJlcG9zaXRvcnk4MjgxMg==,beltrachi/antlr-3,false
MDEwOlJlcG9zaXRvcnk4NDUzMQ==,clj/kroc_scons,false
MDEwOlJlcG9zaXRvcnk4NDY0Mg==,anair/sipxecs,false
MDEwOlJlcG9zaXRvcnk4NDY3Mg==,dscape/diffie-hellman,false
MDEwOlJlcG9zaXRvcnk4NDY5Mw==,josephholsten/dataencryptionstandard,false
MDEwOlJlcG9zaXRvcnk4NDcyMA==,davetron5000/importscour,false
MDEwOlJlcG9zaXRvcnk4NDc3MA==,atduskgreg/arduino,false
MDEwOlJlcG9zaXRvcnk4NDg2MQ==,codingdojolondon/sessions,false
MDEwOlJlcG9zaXRvcnk4NjM4MA==,mrdon/atlassian-pdkinstall-plugin,true
MDEwOlJlcG9zaXRvcnk4NjYyNA==,gvellut/simplegeocxf,false
MDEwOlJlcG9zaXRvcnk4NjcyMw==,mangar/groovy-samples,false
MDEwOlJlcG9zaXRvcnk4Njc0OQ==,sprx97/tjgamesssbds,false
MDEwOlJlcG9zaXRvcnk4Njk3NA==,dyang/speed-me-up,false
MDEwOlJlcG9zaXRvcnk4NzAxOQ==,unclebob/fitnesseextras,false
MDEwOlJlcG9zaXRvcnk4NzA0MQ==,stuarthalloway/programming-clojure,false
MDEwOlJlcG9zaXRvcnk4NzA4Ng==,spraints/mirror-quartz-jruby-plugin,false
MDEwOlJlcG9zaXRvcnk4NzMwMA==,muuz/moose4,false
MDEwOlJlcG9zaXRvcnk4NzM3MQ==,azambuja/scs-bigtable,false
MDEwOlJlcG9zaXRvcnk4NzQ0Nw==,capotej/bloggy,false
MDEwOlJlcG9zaXRvcnk4ODk1Mg==,arestivo/sfs,false
MDEwOlJlcG9zaXRvcnk4ODk2MA==,happygiraffe/jslint4java,true
MDEwOlJlcG9zaXRvcnk4OTA2MA==,halfbyte/rasterizer,false
MDEwOlJlcG9zaXRvcnk4OTQ2Nw==,brunofms/inf2106_map-reduce,false
MDEwOlJlcG9zaXRvcnk4OTQxMQ==,tristan/project-euler-code,false
MDEwOlJlcG9zaXRvcnk4OTU2NQ==,stephenh/selenify,false
MDEwOlJlcG9zaXRvcnk4OTYyMA==,offby1/anagrams,false
MDEwOlJlcG9zaXRvcnk4OTQxNg==,also/rjs-server-demo,true
MDEwOlJlcG9zaXRvcnk4OTY0OA==,csm/dwarf2-java,false
MDEwOlJlcG9zaXRvcnk4OTY2OQ==,mnutt/limewire5-ruby,false
MDEwOlJlcG9zaXRvcnk4OTc1MA==,aki-null/laika,false
MDEwOlJlcG9zaXRvcnk5MDIyNg==,tulios/dojo-brasilia-placas,false
MDEwOlJlcG9zaXRvcnk5MDI4OQ==,seliopou/webbits,false
MDEwOlJlcG9zaXRvcnk5MDM3OQ==,michaelforrest/processing-korg-microkontrol,false
MDEwOlJlcG9zaXRvcnk5MDM5OA==,mjhugo/devjamprez,false
MDEwOlJlcG9zaXRvcnk5MDQ0NQ==,lamdor/intellij-mark-plugin,false
MDEwOlJlcG9zaXRvcnk5MDUzNw==,neotyk/http-proxy,true
MDEwOlJlcG9zaXRvcnk5MDY0Nw==,tonny/slide,false
MDEwOlJlcG9zaXRvcnk5MDc4Mg==,geir/mongo-message-monitor,false
MDEwOlJlcG9zaXRvcnk5MTIzMg==,kevinchiu/wii_mouse_demo,false
MDEwOlJlcG9zaXRvcnk5MTU4Mg==,masukomi/aspirin,true
MDEwOlJlcG9zaXRvcnk5MTMzNw==,takuma104/androidaobench,false
MDEwOlJlcG9zaXRvcnk5MTY3Nw==,pekim/alwol,true
MDEwOlJlcG9zaXRvcnk5MTM2Nw==,bobmcwhirter/jboss-messaging,true
MDEwOlJlcG9zaXRvcnk5MTc1Mw==,kblake/learning-ruby,false
MDEwOlJlcG9zaXRvcnk5MTQ3OA==,intel4004/bergamot,false
MDEwOlJlcG9zaXRvcnk5MTkxNA==,18thstreetmike/codaserver,false
MDEwOlJlcG9zaXRvcnk5MTk1MQ==,18thstreetmike/codaclient,false
MDEwOlJlcG9zaXRvcnk5MjA0MA==,mrotondo/score,false
MDEwOlJlcG9zaXRvcnk5Mjg0Mg==,mafolz/reaper--rest-in-peace,false
MDEwOlJlcG9zaXRvcnk5Mjg4MQ==,atoulme/jdtc,false
MDEwOlJlcG9zaXRvcnk5MzAzMQ==,neotyk/grizzly-usedotosgi,true
MDEwOlJlcG9zaXRvcnk5MjQ1Mw==,rogersoares/seaminfra,false
MDEwOlJlcG9zaXRvcnk5MjU4Nw==,lamdor/tdd-presentation,true
MDEwOlJlcG9zaXRvcnk5Mjc4MQ==,mccraigmccraig/colloquy,false
